date,country,D,H,I,S,M
2021-04-01,Afghanistan,0.0,32.0,5.0,0.0,0.0
2021-04-02,Afghanistan,0.0,28.0,9.0,0.0,0.0
2021-04-03,Afghanistan,0.0,24.0,13.0,0.0,0.0
2021-04-04,Afghanistan,0.0,18.0,19.0,0.0,0.0
2021-04-05,Afghanistan,0.0,18.0,19.0,0.0,0.0
2021-04-06,Afghanistan,0.0,17.0,15.0,3.0,2.0
2021-04-07,Afghanistan,0.0,13.0,15.0,5.0,4.0
2021-04-08,Afghanistan,0.0,9.0,15.0,8.0,5.0
2021-04-09,Afghanistan,0.0,7.0,11.0,12.0,7.0
2021-04-10,Afghanistan,0.0,5.0,13.0,12.0,7.0
2021-04-11,Afghanistan,0.0,4.0,13.0,13.0,7.0
2021-04-12,Afghanistan,0.0,3.0,10.0,15.0,9.0
2021-04-13,Afghanistan,0.0,2.0,7.0,18.0,10.0
2021-04-14,Afghanistan,0.0,2.0,5.0,19.0,11.0
2021-04-15,Afghanistan,0.0,2.0,3.0,20.0,12.0
2021-04-16,Afghanistan,0.0,2.0,2.0,20.0,13.0
2021-04-17,Afghanistan,0.0,2.0,1.0,21.0,13.0
2021-04-18,Afghanistan,0.0,2.0,0.0,22.0,13.0
2021-04-19,Afghanistan,0.0,1.0,1.0,22.0,13.0
2021-04-20,Afghanistan,0.0,1.0,1.0,22.0,13.0
2021-04-21,Afghanistan,0.0,1.0,1.0,19.0,16.0
2021-04-22,Afghanistan,0.0,1.0,1.0,17.0,18.0
2021-04-23,Afghanistan,0.0,1.0,1.0,14.0,21.0
2021-04-24,Afghanistan,1.0,1.0,0.0,11.0,24.0
2021-04-25,Afghanistan,1.0,1.0,0.0,11.0,24.0
2021-04-26,Afghanistan,1.0,1.0,0.0,10.0,25.0
2021-04-27,Afghanistan,1.0,0.0,1.0,8.0,27.0
2021-04-28,Afghanistan,2.0,0.0,1.0,5.0,29.0
2021-04-29,Afghanistan,2.0,0.0,1.0,4.0,30.0
2021-04-30,Afghanistan,2.0,0.0,1.0,3.0,31.0
2021-05-01,Afghanistan,2.0,0.0,1.0,3.0,31.0
2021-05-02,Afghanistan,2.0,0.0,0.0,3.0,32.0
2021-05-03,Afghanistan,2.0,0.0,0.0,2.0,33.0
2021-05-04,Afghanistan,2.0,0.0,0.0,2.0,33.0
2021-05-05,Afghanistan,2.0,0.0,0.0,2.0,33.0
2021-05-06,Afghanistan,2.0,0.0,0.0,2.0,33.0
2021-05-07,Afghanistan,2.0,0.0,0.0,2.0,33.0
2021-05-08,Afghanistan,2.0,0.0,0.0,2.0,33.0
2021-05-09,Afghanistan,2.0,0.0,0.0,1.0,34.0
2021-05-10,Afghanistan,2.0,0.0,0.0,1.0,34.0
2021-05-11,Afghanistan,2.0,0.0,0.0,1.0,34.0
2021-05-12,Afghanistan,2.0,0.0,0.0,1.0,34.0
2021-05-13,Afghanistan,2.0,0.0,0.0,1.0,34.0
2021-05-14,Afghanistan,2.0,0.0,0.0,1.0,34.0
2021-05-15,Afghanistan,2.0,0.0,0.0,1.0,34.0
2021-05-16,Afghanistan,2.0,0.0,0.0,1.0,34.0
2021-05-17,Afghanistan,2.0,0.0,0.0,0.0,35.0
2021-05-18,Afghanistan,2.0,0.0,0.0,0.0,35.0
2021-05-19,Afghanistan,2.0,0.0,0.0,0.0,35.0
2021-05-20,Afghanistan,2.0,0.0,0.0,0.0,35.0
2021-05-21,Afghanistan,2.0,0.0,0.0,0.0,35.0
2021-05-22,Afghanistan,2.0,0.0,0.0,0.0,35.0
2021-05-23,Afghanistan,2.0,0.0,0.0,0.0,35.0
2021-05-24,Afghanistan,2.0,0.0,0.0,0.0,35.0
2021-05-25,Afghanistan,2.0,0.0,0.0,0.0,35.0
2021-05-26,Afghanistan,2.0,0.0,0.0,0.0,35.0
2021-05-27,Afghanistan,2.0,0.0,0.0,0.0,35.0
2021-05-28,Afghanistan,2.0,0.0,0.0,0.0,35.0
2021-05-29,Afghanistan,2.0,0.0,0.0,0.0,35.0
2021-05-30,Afghanistan,2.0,0.0,0.0,0.0,35.0
2021-05-31,Afghanistan,2.0,0.0,0.0,0.0,35.0
2021-06-01,Afghanistan,2.0,0.0,0.0,0.0,35.0
2021-06-02,Afghanistan,2.0,0.0,0.0,0.0,35.0
2021-06-03,Afghanistan,2.0,0.0,0.0,0.0,35.0
2021-06-04,Afghanistan,2.0,0.0,0.0,0.0,35.0
2021-06-05,Afghanistan,2.0,0.0,0.0,0.0,35.0
2021-06-06,Afghanistan,2.0,0.0,0.0,0.0,35.0
2021-06-07,Afghanistan,2.0,0.0,0.0,0.0,35.0
2021-06-08,Afghanistan,2.0,0.0,0.0,0.0,35.0
2021-06-09,Afghanistan,2.0,0.0,0.0,0.0,35.0
2021-06-10,Afghanistan,2.0,0.0,0.0,0.0,35.0
2021-06-11,Afghanistan,2.0,0.0,0.0,0.0,35.0
2021-06-12,Afghanistan,2.0,0.0,0.0,0.0,35.0
2021-06-13,Afghanistan,2.0,0.0,0.0,0.0,35.0
2021-06-14,Afghanistan,2.0,0.0,0.0,0.0,35.0
2021-06-15,Afghanistan,2.0,0.0,0.0,0.0,35.0
2021-06-16,Afghanistan,2.0,0.0,0.0,0.0,35.0
2021-06-17,Afghanistan,2.0,0.0,0.0,0.0,35.0
2021-06-18,Afghanistan,2.0,0.0,0.0,0.0,35.0
2021-06-19,Afghanistan,2.0,0.0,0.0,0.0,35.0
2021-06-20,Afghanistan,2.0,0.0,0.0,0.0,35.0
2021-06-21,Afghanistan,2.0,0.0,0.0,0.0,35.0
2021-06-22,Afghanistan,2.0,0.0,0.0,0.0,35.0
2021-06-23,Afghanistan,2.0,0.0,0.0,0.0,35.0
2021-06-24,Afghanistan,2.0,0.0,0.0,0.0,35.0
2021-06-25,Afghanistan,2.0,0.0,0.0,0.0,35.0
2021-06-26,Afghanistan,2.0,0.0,0.0,0.0,35.0
2021-06-27,Afghanistan,2.0,0.0,0.0,0.0,35.0
2021-06-28,Afghanistan,2.0,0.0,0.0,0.0,35.0
2021-06-29,Afghanistan,2.0,0.0,0.0,0.0,35.0
2021-06-30,Afghanistan,2.0,0.0,0.0,0.0,35.0
2021-07-01,Afghanistan,2.0,0.0,0.0,0.0,35.0
2021-07-02,Afghanistan,2.0,0.0,0.0,0.0,35.0
2021-07-03,Afghanistan,2.0,0.0,0.0,0.0,35.0
2021-07-04,Afghanistan,2.0,0.0,0.0,0.0,35.0
2021-07-05,Afghanistan,2.0,0.0,0.0,0.0,35.0
2021-07-06,Afghanistan,2.0,0.0,0.0,0.0,35.0
2021-07-07,Afghanistan,2.0,0.0,0.0,0.0,35.0
2021-07-08,Afghanistan,2.0,0.0,0.0,0.0,35.0
2021-07-09,Afghanistan,2.0,0.0,0.0,0.0,35.0
2021-07-10,Afghanistan,2.0,0.0,0.0,0.0,35.0
2021-07-11,Afghanistan,2.0,0.0,0.0,0.0,35.0
2021-07-12,Afghanistan,2.0,0.0,0.0,0.0,35.0
2021-07-13,Afghanistan,2.0,0.0,0.0,0.0,35.0
2021-07-14,Afghanistan,2.0,0.0,0.0,0.0,35.0
2021-07-15,Afghanistan,2.0,0.0,0.0,0.0,35.0
2021-07-16,Afghanistan,2.0,0.0,0.0,0.0,35.0
2021-07-17,Afghanistan,2.0,0.0,0.0,0.0,35.0
2021-07-18,Afghanistan,2.0,0.0,0.0,0.0,35.0
2021-07-19,Afghanistan,2.0,0.0,0.0,0.0,35.0
2021-07-20,Afghanistan,2.0,0.0,0.0,0.0,35.0
2021-07-21,Afghanistan,2.0,0.0,0.0,0.0,35.0
2021-07-22,Afghanistan,2.0,0.0,0.0,0.0,35.0
2021-07-23,Afghanistan,2.0,0.0,0.0,0.0,35.0
2021-07-24,Afghanistan,2.0,0.0,0.0,0.0,35.0
2021-07-25,Afghanistan,2.0,0.0,0.0,0.0,35.0
2021-07-26,Afghanistan,2.0,0.0,0.0,0.0,35.0
2021-07-27,Afghanistan,2.0,0.0,0.0,0.0,35.0
2021-07-28,Afghanistan,2.0,0.0,0.0,0.0,35.0
2021-07-29,Afghanistan,2.0,0.0,0.0,0.0,35.0
2021-07-30,Afghanistan,2.0,0.0,0.0,0.0,35.0
2021-07-31,Afghanistan,2.0,0.0,0.0,0.0,35.0
2021-08-01,Afghanistan,2.0,0.0,0.0,0.0,35.0
2021-08-02,Afghanistan,2.0,0.0,0.0,0.0,35.0
2021-08-03,Afghanistan,2.0,0.0,0.0,0.0,35.0
2021-08-04,Afghanistan,2.0,0.0,0.0,0.0,35.0
2021-08-05,Afghanistan,2.0,2.0,0.0,0.0,33.0
2021-08-06,Afghanistan,2.0,3.0,1.0,0.0,31.0
2021-08-07,Afghanistan,2.0,3.0,2.0,0.0,30.0
2021-08-08,Afghanistan,2.0,5.0,2.0,0.0,28.0
2021-08-09,Afghanistan,2.0,2.0,5.0,0.0,28.0
2021-08-10,Afghanistan,2.0,2.0,5.0,0.0,28.0
2021-08-11,Afghanistan,2.0,4.0,4.0,0.0,27.0
2021-08-12,Afghanistan,2.0,3.0,5.0,1.0,26.0
2021-08-13,Afghanistan,2.0,2.0,7.0,1.0,25.0
2021-08-14,Afghanistan,2.0,3.0,4.0,3.0,25.0
2021-08-15,Afghanistan,2.0,4.0,4.0,3.0,24.0
2021-08-16,Afghanistan,2.0,3.0,5.0,3.0,24.0
2021-08-17,Afghanistan,2.0,3.0,3.0,4.0,25.0
2021-08-18,Afghanistan,2.0,3.0,1.0,5.0,26.0
2021-08-19,Afghanistan,2.0,3.0,1.0,5.0,26.0
2021-08-20,Afghanistan,2.0,5.0,2.0,5.0,23.0
2021-08-21,Afghanistan,2.0,7.0,1.0,5.0,22.0
2021-08-22,Afghanistan,2.0,8.0,3.0,5.0,19.0
2021-08-23,Afghanistan,2.0,9.0,5.0,5.0,16.0
2021-08-24,Afghanistan,2.0,8.0,6.0,5.0,16.0
2021-08-25,Afghanistan,2.0,6.0,8.0,6.0,15.0
2021-08-26,Afghanistan,2.0,6.0,10.0,6.0,13.0
2021-08-27,Afghanistan,2.0,5.0,11.0,6.0,13.0
2021-08-28,Afghanistan,2.0,5.0,10.0,7.0,13.0
2021-08-29,Afghanistan,2.0,6.0,9.0,6.0,14.0
2021-08-30,Afghanistan,2.0,5.0,7.0,7.0,16.0
2021-08-31,Afghanistan,2.0,5.0,6.0,7.0,17.0
2021-09-01,Afghanistan,2.0,4.0,5.0,8.0,18.0
2021-09-02,Afghanistan,2.0,2.0,6.0,7.0,20.0
2021-09-03,Afghanistan,2.0,1.0,7.0,7.0,20.0
2021-09-04,Afghanistan,2.0,1.0,6.0,7.0,21.0
2021-09-05,Afghanistan,2.0,1.0,5.0,7.0,22.0
2021-09-06,Afghanistan,2.0,1.0,3.0,8.0,23.0
2021-09-07,Afghanistan,2.0,1.0,2.0,8.0,24.0
2021-09-08,Afghanistan,2.0,1.0,1.0,8.0,25.0
2021-09-09,Afghanistan,2.0,1.0,1.0,7.0,26.0
2021-09-10,Afghanistan,2.0,1.0,1.0,7.0,26.0
2021-09-11,Afghanistan,2.0,1.0,1.0,6.0,27.0
2021-09-12,Afghanistan,2.0,1.0,0.0,5.0,29.0
2021-09-13,Afghanistan,2.0,1.0,0.0,4.0,30.0
2021-09-14,Afghanistan,2.0,1.0,0.0,3.0,31.0
2021-09-15,Afghanistan,2.0,2.0,0.0,3.0,30.0
2021-09-16,Afghanistan,3.0,2.0,0.0,1.0,31.0
2021-09-17,Afghanistan,3.0,2.0,0.0,1.0,31.0
2021-09-18,Afghanistan,3.0,2.0,0.0,1.0,31.0
2021-09-19,Afghanistan,3.0,2.0,0.0,1.0,31.0
2021-09-20,Afghanistan,3.0,2.0,0.0,1.0,31.0
2021-09-21,Afghanistan,3.0,2.0,0.0,0.0,32.0
2021-09-22,Afghanistan,3.0,1.0,1.0,0.0,32.0
2021-09-23,Afghanistan,3.0,1.0,1.0,0.0,32.0
2021-09-24,Afghanistan,3.0,1.0,1.0,0.0,32.0
2021-09-25,Afghanistan,3.0,1.0,1.0,0.0,32.0
2021-09-26,Afghanistan,3.0,1.0,1.0,0.0,32.0
2021-09-27,Afghanistan,3.0,1.0,0.0,0.0,33.0
2021-09-28,Afghanistan,3.0,1.0,0.0,0.0,33.0
2021-09-29,Afghanistan,3.0,1.0,0.0,0.0,33.0
2021-09-30,Afghanistan,3.0,1.0,0.0,0.0,33.0
2021-10-01,Afghanistan,3.0,0.0,1.0,0.0,33.0
2021-10-02,Afghanistan,3.0,0.0,1.0,0.0,33.0
2021-10-03,Afghanistan,3.0,0.0,1.0,0.0,33.0
2021-10-04,Afghanistan,3.0,0.0,1.0,0.0,33.0
2021-10-05,Afghanistan,3.0,0.0,1.0,0.0,33.0
2021-10-06,Afghanistan,3.0,0.0,0.0,1.0,33.0
2021-10-07,Afghanistan,3.0,0.0,0.0,1.0,33.0
2021-10-08,Afghanistan,3.0,0.0,0.0,1.0,33.0
2021-10-09,Afghanistan,3.0,0.0,0.0,1.0,33.0
2021-10-10,Afghanistan,3.0,0.0,0.0,1.0,33.0
2021-10-11,Afghanistan,3.0,0.0,0.0,1.0,33.0
2021-10-12,Afghanistan,3.0,0.0,0.0,1.0,33.0
2021-10-13,Afghanistan,3.0,0.0,0.0,1.0,33.0
2021-10-14,Afghanistan,3.0,0.0,0.0,1.0,33.0
2021-10-15,Afghanistan,3.0,0.0,0.0,1.0,33.0
2021-10-16,Afghanistan,3.0,0.0,0.0,1.0,33.0
2021-10-17,Afghanistan,3.0,0.0,0.0,1.0,33.0
2021-10-18,Afghanistan,3.0,0.0,0.0,1.0,33.0
2021-10-19,Afghanistan,3.0,0.0,0.0,1.0,33.0
2021-10-20,Afghanistan,3.0,0.0,0.0,1.0,33.0
2021-10-21,Afghanistan,3.0,0.0,0.0,0.0,34.0
2021-10-22,Afghanistan,3.0,0.0,0.0,0.0,34.0
2021-10-23,Afghanistan,3.0,0.0,0.0,0.0,34.0
2021-10-24,Afghanistan,3.0,0.0,0.0,0.0,34.0
2021-10-25,Afghanistan,3.0,0.0,0.0,0.0,34.0
2021-10-26,Afghanistan,3.0,0.0,0.0,0.0,34.0
2021-10-27,Afghanistan,3.0,0.0,0.0,0.0,34.0
2021-10-28,Afghanistan,3.0,0.0,0.0,0.0,34.0
2021-10-29,Afghanistan,3.0,0.0,0.0,0.0,34.0
2021-10-30,Afghanistan,3.0,0.0,0.0,0.0,34.0
2021-10-31,Afghanistan,3.0,0.0,0.0,0.0,34.0
2021-11-01,Afghanistan,3.0,0.0,0.0,0.0,34.0
2021-11-02,Afghanistan,3.0,0.0,0.0,0.0,34.0
2021-11-03,Afghanistan,3.0,0.0,0.0,0.0,34.0
2021-11-04,Afghanistan,3.0,0.0,0.0,0.0,34.0
2021-11-05,Afghanistan,3.0,0.0,0.0,0.0,34.0
2021-11-06,Afghanistan,3.0,0.0,0.0,0.0,34.0
2021-11-07,Afghanistan,3.0,0.0,0.0,0.0,34.0
2021-11-08,Afghanistan,3.0,0.0,0.0,0.0,34.0
2021-11-09,Afghanistan,3.0,0.0,0.0,0.0,34.0
2021-11-10,Afghanistan,3.0,0.0,0.0,0.0,34.0
2021-11-11,Afghanistan,3.0,0.0,0.0,0.0,34.0
2021-11-12,Afghanistan,3.0,0.0,0.0,0.0,34.0
2021-11-13,Afghanistan,3.0,0.0,0.0,0.0,34.0
2021-11-14,Afghanistan,3.0,0.0,0.0,0.0,34.0
2021-11-15,Afghanistan,3.0,0.0,0.0,0.0,34.0
2021-11-16,Afghanistan,3.0,0.0,0.0,0.0,34.0
2021-11-17,Afghanistan,3.0,0.0,0.0,0.0,34.0
2021-11-18,Afghanistan,3.0,0.0,0.0,0.0,34.0
2021-11-19,Afghanistan,3.0,0.0,0.0,0.0,34.0
2021-11-20,Afghanistan,3.0,0.0,0.0,0.0,34.0
2021-11-21,Afghanistan,3.0,0.0,0.0,0.0,34.0
2021-11-22,Afghanistan,3.0,0.0,0.0,0.0,34.0
2021-11-23,Afghanistan,3.0,0.0,0.0,0.0,34.0
2021-11-24,Afghanistan,3.0,0.0,0.0,0.0,34.0
2021-11-25,Afghanistan,3.0,0.0,0.0,0.0,34.0
2021-11-26,Afghanistan,3.0,0.0,0.0,0.0,34.0
2021-11-27,Afghanistan,3.0,0.0,0.0,0.0,34.0
2021-11-28,Afghanistan,3.0,0.0,0.0,0.0,34.0
2021-11-29,Afghanistan,3.0,0.0,0.0,0.0,34.0
2021-11-30,Afghanistan,3.0,0.0,0.0,0.0,34.0
2021-12-01,Afghanistan,3.0,0.0,0.0,0.0,34.0
2021-12-02,Afghanistan,3.0,0.0,0.0,0.0,34.0
2021-12-03,Afghanistan,3.0,0.0,0.0,0.0,34.0
2021-12-04,Afghanistan,3.0,0.0,0.0,0.0,34.0
2021-12-05,Afghanistan,3.0,0.0,0.0,0.0,34.0
2021-12-06,Afghanistan,3.0,0.0,0.0,0.0,34.0
2021-12-07,Afghanistan,3.0,0.0,0.0,0.0,34.0
2021-12-08,Afghanistan,3.0,0.0,0.0,0.0,34.0
2021-12-09,Afghanistan,3.0,0.0,0.0,0.0,34.0
2021-12-10,Afghanistan,3.0,1.0,0.0,0.0,33.0
2021-12-11,Afghanistan,3.0,1.0,0.0,0.0,33.0
2021-12-12,Afghanistan,3.0,1.0,0.0,0.0,33.0
2021-12-13,Afghanistan,3.0,2.0,0.0,0.0,32.0
2021-12-14,Afghanistan,3.0,2.0,0.0,0.0,32.0
2021-12-15,Afghanistan,3.0,2.0,0.0,0.0,32.0
2021-12-16,Afghanistan,3.0,2.0,1.0,0.0,31.0
2021-12-17,Afghanistan,3.0,3.0,1.0,0.0,30.0
2021-12-18,Afghanistan,3.0,3.0,1.0,0.0,30.0
2021-12-19,Afghanistan,3.0,3.0,1.0,0.0,30.0
2021-12-20,Afghanistan,3.0,4.0,1.0,0.0,29.0
2021-12-21,Afghanistan,3.0,3.0,1.0,0.0,30.0
2021-12-22,Afghanistan,3.0,3.0,1.0,0.0,30.0
2021-12-23,Afghanistan,3.0,3.0,1.0,0.0,30.0
2021-12-24,Afghanistan,3.0,2.0,2.0,0.0,30.0
2021-12-25,Afghanistan,3.0,1.0,3.0,0.0,30.0
2021-12-26,Afghanistan,3.0,3.0,2.0,0.0,29.0
2021-12-27,Afghanistan,3.0,2.0,4.0,0.0,28.0
2021-12-28,Afghanistan,3.0,4.0,4.0,0.0,26.0
2021-12-29,Afghanistan,3.0,4.0,5.0,0.0,25.0
2021-12-30,Afghanistan,3.0,5.0,5.0,1.0,23.0
2021-12-31,Afghanistan,3.0,6.0,6.0,1.0,21.0
2022-01-01,Afghanistan,3.0,7.0,5.0,3.0,19.0
2022-01-02,Afghanistan,3.0,6.0,6.0,3.0,19.0
2022-01-03,Afghanistan,3.0,6.0,5.0,4.0,19.0
2022-01-04,Afghanistan,3.0,7.0,4.0,4.0,19.0
2022-01-05,Afghanistan,3.0,7.0,4.0,4.0,19.0
2022-01-06,Afghanistan,3.0,8.0,4.0,4.0,18.0
2022-01-07,Afghanistan,3.0,8.0,4.0,4.0,18.0
2022-01-08,Afghanistan,3.0,8.0,4.0,5.0,17.0
2022-01-09,Afghanistan,3.0,8.0,4.0,5.0,17.0
2022-01-10,Afghanistan,3.0,8.0,4.0,5.0,17.0
2022-01-11,Afghanistan,3.0,9.0,4.0,5.0,16.0
2022-01-12,Afghanistan,3.0,10.0,3.0,5.0,16.0
2022-01-13,Afghanistan,3.0,11.0,2.0,5.0,16.0
2022-01-14,Afghanistan,3.0,8.0,5.0,4.0,17.0
2022-01-15,Afghanistan,3.0,9.0,4.0,5.0,16.0
2022-01-16,Afghanistan,3.0,6.0,6.0,3.0,19.0
2022-01-17,Afghanistan,3.0,5.0,7.0,3.0,19.0
2022-01-18,Afghanistan,3.0,5.0,7.0,2.0,20.0
2022-01-19,Afghanistan,3.0,4.0,5.0,4.0,21.0
2022-01-20,Afghanistan,3.0,4.0,6.0,4.0,20.0
2022-01-21,Afghanistan,3.0,4.0,3.0,5.0,22.0
2022-01-22,Afghanistan,3.0,4.0,2.0,5.0,23.0
2022-01-23,Afghanistan,3.0,4.0,2.0,4.0,24.0
2022-01-24,Afghanistan,3.0,3.0,2.0,4.0,25.0
2022-01-25,Afghanistan,3.0,3.0,1.0,5.0,25.0
2022-01-26,Afghanistan,3.0,4.0,1.0,5.0,24.0
2022-01-27,Afghanistan,3.0,3.0,2.0,5.0,24.0
2022-01-28,Afghanistan,3.0,3.0,2.0,5.0,24.0
2022-01-29,Afghanistan,3.0,2.0,2.0,6.0,24.0
2022-01-30,Afghanistan,3.0,2.0,2.0,5.0,25.0
2022-01-31,Afghanistan,3.0,0.0,4.0,5.0,25.0
2022-02-01,Afghanistan,3.0,0.0,3.0,5.0,26.0
2022-02-02,Afghanistan,3.0,0.0,3.0,5.0,26.0
2022-02-03,Afghanistan,4.0,0.0,2.0,4.0,27.0
2022-02-04,Afghanistan,4.0,0.0,2.0,4.0,27.0
2022-02-05,Afghanistan,4.0,0.0,0.0,5.0,28.0
2022-02-06,Afghanistan,4.0,0.0,0.0,5.0,28.0
2022-02-07,Afghanistan,4.0,0.0,0.0,5.0,28.0
2022-02-08,Afghanistan,4.0,0.0,0.0,5.0,28.0
2022-02-09,Afghanistan,4.0,0.0,0.0,4.0,29.0
2022-02-10,Afghanistan,4.0,0.0,0.0,4.0,29.0
2022-02-11,Afghanistan,4.0,0.0,0.0,4.0,29.0
2022-02-12,Afghanistan,4.0,0.0,0.0,4.0,29.0
2022-02-13,Afghanistan,4.0,0.0,0.0,3.0,30.0
2022-02-14,Afghanistan,4.0,0.0,0.0,3.0,30.0
2022-02-15,Afghanistan,4.0,0.0,0.0,3.0,30.0
2022-02-16,Afghanistan,4.0,0.0,0.0,3.0,30.0
2022-02-17,Afghanistan,4.0,0.0,0.0,3.0,30.0
2022-02-18,Afghanistan,4.0,0.0,0.0,2.0,31.0
2022-02-19,Afghanistan,4.0,1.0,0.0,2.0,30.0
2022-02-20,Afghanistan,4.0,1.0,0.0,0.0,32.0
2022-02-21,Afghanistan,4.0,1.0,0.0,0.0,32.0
2022-02-22,Afghanistan,4.0,1.0,0.0,0.0,32.0
2022-02-23,Afghanistan,4.0,1.0,0.0,0.0,32.0
2022-02-24,Afghanistan,4.0,0.0,1.0,0.0,32.0
2022-02-25,Afghanistan,4.0,0.0,1.0,0.0,32.0
2022-02-26,Afghanistan,4.0,0.0,1.0,0.0,32.0
2022-02-27,Afghanistan,4.0,0.0,1.0,0.0,32.0
2022-02-28,Afghanistan,4.0,0.0,1.0,0.0,32.0
2022-03-01,Afghanistan,4.0,0.0,0.0,0.0,33.0
2022-03-02,Afghanistan,4.0,0.0,0.0,0.0,33.0
2022-03-03,Afghanistan,4.0,0.0,0.0,0.0,33.0
2022-03-04,Afghanistan,4.0,0.0,0.0,0.0,33.0
2022-03-05,Afghanistan,4.0,0.0,0.0,0.0,33.0
2022-03-06,Afghanistan,4.0,0.0,0.0,0.0,33.0
2022-03-07,Afghanistan,4.0,0.0,0.0,0.0,33.0
2022-03-08,Afghanistan,4.0,0.0,0.0,0.0,33.0
2022-03-09,Afghanistan,4.0,0.0,0.0,0.0,33.0
2022-03-10,Afghanistan,4.0,0.0,0.0,0.0,33.0
2022-03-11,Afghanistan,4.0,0.0,0.0,0.0,33.0
2022-03-12,Afghanistan,4.0,0.0,0.0,0.0,33.0
2022-03-13,Afghanistan,4.0,0.0,0.0,0.0,33.0
2022-03-14,Afghanistan,4.0,0.0,0.0,0.0,33.0
2022-03-15,Afghanistan,4.0,0.0,0.0,0.0,33.0
2022-03-16,Afghanistan,4.0,0.0,0.0,0.0,33.0
2022-03-17,Afghanistan,4.0,0.0,0.0,0.0,33.0
2022-03-18,Afghanistan,4.0,0.0,0.0,0.0,33.0
2022-03-19,Afghanistan,4.0,0.0,0.0,0.0,33.0
2022-03-20,Afghanistan,4.0,0.0,0.0,0.0,33.0
2022-03-21,Afghanistan,4.0,0.0,0.0,0.0,33.0
2022-03-22,Afghanistan,4.0,0.0,0.0,0.0,33.0
2022-03-23,Afghanistan,4.0,0.0,0.0,0.0,33.0
2022-03-24,Afghanistan,4.0,0.0,0.0,0.0,33.0
2022-03-25,Afghanistan,4.0,0.0,0.0,0.0,33.0
2022-03-26,Afghanistan,4.0,0.0,0.0,0.0,33.0
2022-03-27,Afghanistan,4.0,0.0,0.0,0.0,33.0
2022-03-28,Afghanistan,4.0,0.0,0.0,0.0,33.0
2022-03-29,Afghanistan,4.0,0.0,0.0,0.0,33.0
2022-03-30,Afghanistan,4.0,0.0,0.0,0.0,33.0
2022-03-31,Afghanistan,4.0,0.0,0.0,0.0,33.0
2022-04-01,Afghanistan,4.0,0.0,0.0,0.0,33.0
2022-04-02,Afghanistan,4.0,0.0,0.0,0.0,33.0
2022-04-03,Afghanistan,4.0,0.0,0.0,0.0,33.0
2022-04-04,Afghanistan,4.0,0.0,0.0,0.0,33.0
2022-04-05,Afghanistan,4.0,0.0,0.0,0.0,33.0
2022-04-06,Afghanistan,4.0,0.0,0.0,0.0,33.0
2022-04-07,Afghanistan,4.0,0.0,0.0,0.0,33.0
2022-04-08,Afghanistan,4.0,0.0,0.0,0.0,33.0
2022-04-09,Afghanistan,4.0,0.0,0.0,0.0,33.0
2022-04-10,Afghanistan,4.0,0.0,0.0,0.0,33.0
2022-04-11,Afghanistan,4.0,0.0,0.0,0.0,33.0
2022-04-12,Afghanistan,4.0,0.0,0.0,0.0,33.0
2022-04-13,Afghanistan,4.0,0.0,0.0,0.0,33.0
2022-04-14,Afghanistan,4.0,0.0,0.0,0.0,33.0
2022-04-15,Afghanistan,4.0,0.0,0.0,0.0,33.0
2022-04-16,Afghanistan,4.0,0.0,0.0,0.0,33.0
2022-04-17,Afghanistan,4.0,0.0,0.0,0.0,33.0
2022-04-18,Afghanistan,4.0,0.0,0.0,0.0,33.0
2022-04-19,Afghanistan,4.0,0.0,0.0,0.0,33.0
2022-04-20,Afghanistan,4.0,0.0,0.0,0.0,33.0
2022-04-21,Afghanistan,4.0,1.0,0.0,0.0,32.0
2022-04-22,Afghanistan,4.0,0.0,1.0,0.0,32.0
2022-04-23,Afghanistan,4.0,0.0,1.0,0.0,32.0
2022-04-24,Afghanistan,4.0,0.0,1.0,0.0,32.0
2022-04-25,Afghanistan,4.0,0.0,1.0,0.0,32.0
2022-04-26,Afghanistan,4.0,1.0,1.0,0.0,31.0
2022-04-27,Afghanistan,4.0,1.0,0.0,0.0,32.0
2022-04-28,Afghanistan,4.0,1.0,0.0,0.0,32.0
2022-04-29,Afghanistan,4.0,2.0,0.0,0.0,31.0
2022-04-30,Afghanistan,4.0,0.0,2.0,0.0,31.0
2021-04-01,Sweden,0.0,6.0,3.0,0.0,0.0
2021-04-02,Sweden,0.0,2.0,7.0,0.0,0.0
2021-04-03,Sweden,0.0,1.0,8.0,0.0,0.0
2021-04-04,Sweden,0.0,1.0,8.0,0.0,0.0
2021-04-05,Sweden,0.0,0.0,9.0,0.0,0.0
2021-04-06,Sweden,0.0,0.0,6.0,1.0,2.0
2021-04-07,Sweden,0.0,0.0,2.0,3.0,4.0
2021-04-08,Sweden,0.0,0.0,1.0,3.0,5.0
2021-04-09,Sweden,0.0,0.0,1.0,3.0,5.0
2021-04-10,Sweden,0.0,0.0,0.0,3.0,6.0
2021-04-11,Sweden,0.0,0.0,0.0,3.0,6.0
2021-04-12,Sweden,0.0,0.0,0.0,3.0,6.0
2021-04-13,Sweden,0.0,0.0,0.0,3.0,6.0
2021-04-14,Sweden,0.0,0.0,0.0,3.0,6.0
2021-04-15,Sweden,0.0,0.0,0.0,3.0,6.0
2021-04-16,Sweden,0.0,0.0,0.0,3.0,6.0
2021-04-17,Sweden,0.0,0.0,0.0,3.0,6.0
2021-04-18,Sweden,0.0,0.0,0.0,3.0,6.0
2021-04-19,Sweden,0.0,0.0,0.0,3.0,6.0
2021-04-20,Sweden,0.0,0.0,0.0,3.0,6.0
2021-04-21,Sweden,0.0,0.0,0.0,2.0,7.0
2021-04-22,Sweden,1.0,0.0,0.0,0.0,8.0
2021-04-23,Sweden,1.0,0.0,0.0,0.0,8.0
2021-04-24,Sweden,1.0,0.0,0.0,0.0,8.0
2021-04-25,Sweden,1.0,0.0,0.0,0.0,8.0
2021-04-26,Sweden,1.0,0.0,0.0,0.0,8.0
2021-04-27,Sweden,1.0,0.0,0.0,0.0,8.0
2021-04-28,Sweden,1.0,0.0,0.0,0.0,8.0
2021-04-29,Sweden,1.0,0.0,0.0,0.0,8.0
2021-04-30,Sweden,1.0,0.0,0.0,0.0,8.0
2021-05-01,Sweden,1.0,0.0,0.0,0.0,8.0
2021-05-02,Sweden,1.0,0.0,0.0,0.0,8.0
2021-05-03,Sweden,1.0,0.0,0.0,0.0,8.0
2021-05-04,Sweden,1.0,0.0,0.0,0.0,8.0
2021-05-05,Sweden,1.0,0.0,0.0,0.0,8.0
2021-05-06,Sweden,1.0,0.0,0.0,0.0,8.0
2021-05-07,Sweden,1.0,0.0,0.0,0.0,8.0
2021-05-08,Sweden,1.0,0.0,0.0,0.0,8.0
2021-05-09,Sweden,1.0,0.0,0.0,0.0,8.0
2021-05-10,Sweden,1.0,0.0,0.0,0.0,8.0
2021-05-11,Sweden,1.0,0.0,0.0,0.0,8.0
2021-05-12,Sweden,1.0,0.0,0.0,0.0,8.0
2021-05-13,Sweden,1.0,0.0,0.0,0.0,8.0
2021-05-14,Sweden,1.0,0.0,0.0,0.0,8.0
2021-05-15,Sweden,1.0,0.0,0.0,0.0,8.0
2021-05-16,Sweden,1.0,0.0,0.0,0.0,8.0
2021-05-17,Sweden,1.0,0.0,0.0,0.0,8.0
2021-05-18,Sweden,1.0,0.0,0.0,0.0,8.0
2021-05-19,Sweden,1.0,0.0,0.0,0.0,8.0
2021-05-20,Sweden,1.0,0.0,0.0,0.0,8.0
2021-05-21,Sweden,1.0,0.0,0.0,0.0,8.0
2021-05-22,Sweden,1.0,0.0,0.0,0.0,8.0
2021-05-23,Sweden,1.0,0.0,0.0,0.0,8.0
2021-05-24,Sweden,1.0,0.0,0.0,0.0,8.0
2021-05-25,Sweden,1.0,0.0,0.0,0.0,8.0
2021-05-26,Sweden,1.0,0.0,0.0,0.0,8.0
2021-05-27,Sweden,1.0,0.0,0.0,0.0,8.0
2021-05-28,Sweden,1.0,0.0,0.0,0.0,8.0
2021-05-29,Sweden,1.0,0.0,0.0,0.0,8.0
2021-05-30,Sweden,1.0,0.0,0.0,0.0,8.0
2021-05-31,Sweden,1.0,0.0,0.0,0.0,8.0
2021-06-01,Sweden,1.0,0.0,0.0,0.0,8.0
2021-06-02,Sweden,1.0,0.0,0.0,0.0,8.0
2021-06-03,Sweden,1.0,0.0,0.0,0.0,8.0
2021-06-04,Sweden,1.0,0.0,0.0,0.0,8.0
2021-06-05,Sweden,1.0,0.0,0.0,0.0,8.0
2021-06-06,Sweden,1.0,0.0,0.0,0.0,8.0
2021-06-07,Sweden,1.0,0.0,0.0,0.0,8.0
2021-06-08,Sweden,1.0,0.0,0.0,0.0,8.0
2021-06-09,Sweden,1.0,0.0,0.0,0.0,8.0
2021-06-10,Sweden,1.0,0.0,0.0,0.0,8.0
2021-06-11,Sweden,1.0,0.0,0.0,0.0,8.0
2021-06-12,Sweden,1.0,0.0,0.0,0.0,8.0
2021-06-13,Sweden,1.0,0.0,0.0,0.0,8.0
2021-06-14,Sweden,1.0,0.0,0.0,0.0,8.0
2021-06-15,Sweden,1.0,0.0,0.0,0.0,8.0
2021-06-16,Sweden,1.0,0.0,0.0,0.0,8.0
2021-06-17,Sweden,1.0,0.0,0.0,0.0,8.0
2021-06-18,Sweden,1.0,0.0,0.0,0.0,8.0
2021-06-19,Sweden,1.0,0.0,0.0,0.0,8.0
2021-06-20,Sweden,1.0,0.0,0.0,0.0,8.0
2021-06-21,Sweden,1.0,0.0,0.0,0.0,8.0
2021-06-22,Sweden,1.0,0.0,0.0,0.0,8.0
2021-06-23,Sweden,1.0,0.0,0.0,0.0,8.0
2021-06-24,Sweden,1.0,0.0,0.0,0.0,8.0
2021-06-25,Sweden,1.0,0.0,0.0,0.0,8.0
2021-06-26,Sweden,1.0,0.0,0.0,0.0,8.0
2021-06-27,Sweden,1.0,0.0,0.0,0.0,8.0
2021-06-28,Sweden,1.0,0.0,0.0,0.0,8.0
2021-06-29,Sweden,1.0,0.0,0.0,0.0,8.0
2021-06-30,Sweden,1.0,0.0,0.0,0.0,8.0
2021-07-01,Sweden,1.0,0.0,0.0,0.0,8.0
2021-07-02,Sweden,1.0,0.0,0.0,0.0,8.0
2021-07-03,Sweden,1.0,0.0,0.0,0.0,8.0
2021-07-04,Sweden,1.0,0.0,0.0,0.0,8.0
2021-07-05,Sweden,1.0,0.0,0.0,0.0,8.0
2021-07-06,Sweden,1.0,0.0,0.0,0.0,8.0
2021-07-07,Sweden,1.0,0.0,0.0,0.0,8.0
2021-07-08,Sweden,1.0,0.0,0.0,0.0,8.0
2021-07-09,Sweden,1.0,0.0,0.0,0.0,8.0
2021-07-10,Sweden,1.0,0.0,0.0,0.0,8.0
2021-07-11,Sweden,1.0,0.0,0.0,0.0,8.0
2021-07-12,Sweden,1.0,0.0,0.0,0.0,8.0
2021-07-13,Sweden,1.0,0.0,0.0,0.0,8.0
2021-07-14,Sweden,1.0,0.0,0.0,0.0,8.0
2021-07-15,Sweden,1.0,0.0,0.0,0.0,8.0
2021-07-16,Sweden,1.0,0.0,0.0,0.0,8.0
2021-07-17,Sweden,1.0,0.0,0.0,0.0,8.0
2021-07-18,Sweden,1.0,0.0,0.0,0.0,8.0
2021-07-19,Sweden,1.0,0.0,0.0,0.0,8.0
2021-07-20,Sweden,1.0,0.0,0.0,0.0,8.0
2021-07-21,Sweden,1.0,0.0,0.0,0.0,8.0
2021-07-22,Sweden,1.0,0.0,0.0,0.0,8.0
2021-07-23,Sweden,1.0,0.0,0.0,0.0,8.0
2021-07-24,Sweden,1.0,0.0,0.0,0.0,8.0
2021-07-25,Sweden,1.0,0.0,0.0,0.0,8.0
2021-07-26,Sweden,1.0,0.0,0.0,0.0,8.0
2021-07-27,Sweden,1.0,0.0,0.0,0.0,8.0
2021-07-28,Sweden,1.0,0.0,0.0,0.0,8.0
2021-07-29,Sweden,1.0,0.0,0.0,0.0,8.0
2021-07-30,Sweden,1.0,0.0,0.0,0.0,8.0
2021-07-31,Sweden,1.0,0.0,0.0,0.0,8.0
2021-08-01,Sweden,1.0,0.0,0.0,0.0,8.0
2021-08-02,Sweden,1.0,0.0,0.0,0.0,8.0
2021-08-03,Sweden,1.0,0.0,0.0,0.0,8.0
2021-08-04,Sweden,1.0,0.0,0.0,0.0,8.0
2021-08-05,Sweden,1.0,2.0,0.0,0.0,6.0
2021-08-06,Sweden,1.0,3.0,1.0,0.0,4.0
2021-08-07,Sweden,1.0,3.0,2.0,0.0,3.0
2021-08-08,Sweden,1.0,3.0,2.0,0.0,3.0
2021-08-09,Sweden,1.0,2.0,4.0,0.0,2.0
2021-08-10,Sweden,1.0,2.0,4.0,0.0,2.0
2021-08-11,Sweden,1.0,2.0,3.0,0.0,3.0
2021-08-12,Sweden,1.0,2.0,2.0,1.0,3.0
2021-08-13,Sweden,1.0,2.0,2.0,1.0,3.0
2021-08-14,Sweden,1.0,2.0,0.0,3.0,3.0
2021-08-15,Sweden,1.0,2.0,0.0,3.0,3.0
2021-08-16,Sweden,1.0,1.0,1.0,3.0,3.0
2021-08-17,Sweden,1.0,1.0,1.0,3.0,3.0
2021-08-18,Sweden,1.0,1.0,1.0,3.0,3.0
2021-08-19,Sweden,1.0,1.0,1.0,3.0,3.0
2021-08-20,Sweden,1.0,2.0,1.0,3.0,2.0
2021-08-21,Sweden,1.0,3.0,0.0,4.0,1.0
2021-08-22,Sweden,1.0,2.0,1.0,4.0,1.0
2021-08-23,Sweden,1.0,0.0,3.0,4.0,1.0
2021-08-24,Sweden,1.0,0.0,3.0,4.0,1.0
2021-08-25,Sweden,1.0,0.0,3.0,4.0,1.0
2021-08-26,Sweden,1.0,0.0,3.0,4.0,1.0
2021-08-27,Sweden,1.0,0.0,2.0,4.0,2.0
2021-08-28,Sweden,1.0,0.0,0.0,6.0,2.0
2021-08-29,Sweden,2.0,0.0,0.0,4.0,3.0
2021-08-30,Sweden,2.0,0.0,0.0,4.0,3.0
2021-08-31,Sweden,2.0,0.0,0.0,4.0,3.0
2021-09-01,Sweden,2.0,0.0,0.0,4.0,3.0
2021-09-02,Sweden,2.0,0.0,0.0,4.0,3.0
2021-09-03,Sweden,2.0,0.0,0.0,4.0,3.0
2021-09-04,Sweden,2.0,0.0,0.0,4.0,3.0
2021-09-05,Sweden,3.0,0.0,0.0,3.0,3.0
2021-09-06,Sweden,3.0,0.0,0.0,3.0,3.0
2021-09-07,Sweden,3.0,0.0,0.0,3.0,3.0
2021-09-08,Sweden,3.0,0.0,0.0,3.0,3.0
2021-09-09,Sweden,3.0,0.0,0.0,3.0,3.0
2021-09-10,Sweden,3.0,0.0,0.0,3.0,3.0
2021-09-11,Sweden,3.0,0.0,0.0,2.0,4.0
2021-09-12,Sweden,3.0,0.0,0.0,0.0,6.0
2021-09-13,Sweden,3.0,0.0,0.0,0.0,6.0
2021-09-14,Sweden,3.0,0.0,0.0,0.0,6.0
2021-09-15,Sweden,3.0,0.0,0.0,0.0,6.0
2021-09-16,Sweden,3.0,0.0,0.0,0.0,6.0
2021-09-17,Sweden,3.0,0.0,0.0,0.0,6.0
2021-09-18,Sweden,3.0,0.0,0.0,0.0,6.0
2021-09-19,Sweden,3.0,0.0,0.0,0.0,6.0
2021-09-20,Sweden,3.0,0.0,0.0,0.0,6.0
2021-09-21,Sweden,3.0,0.0,0.0,0.0,6.0
2021-09-22,Sweden,3.0,0.0,0.0,0.0,6.0
2021-09-23,Sweden,3.0,0.0,0.0,0.0,6.0
2021-09-24,Sweden,3.0,0.0,0.0,0.0,6.0
2021-09-25,Sweden,3.0,0.0,0.0,0.0,6.0
2021-09-26,Sweden,3.0,0.0,0.0,0.0,6.0
2021-09-27,Sweden,3.0,0.0,0.0,0.0,6.0
2021-09-28,Sweden,3.0,0.0,0.0,0.0,6.0
2021-09-29,Sweden,3.0,0.0,0.0,0.0,6.0
2021-09-30,Sweden,3.0,0.0,0.0,0.0,6.0
2021-10-01,Sweden,3.0,0.0,0.0,0.0,6.0
2021-10-02,Sweden,3.0,0.0,0.0,0.0,6.0
2021-10-03,Sweden,3.0,0.0,0.0,0.0,6.0
2021-10-04,Sweden,3.0,0.0,0.0,0.0,6.0
2021-10-05,Sweden,3.0,0.0,0.0,0.0,6.0
2021-10-06,Sweden,3.0,0.0,0.0,0.0,6.0
2021-10-07,Sweden,3.0,0.0,0.0,0.0,6.0
2021-10-08,Sweden,3.0,0.0,0.0,0.0,6.0
2021-10-09,Sweden,3.0,0.0,0.0,0.0,6.0
2021-10-10,Sweden,3.0,0.0,0.0,0.0,6.0
2021-10-11,Sweden,3.0,0.0,0.0,0.0,6.0
2021-10-12,Sweden,3.0,0.0,0.0,0.0,6.0
2021-10-13,Sweden,3.0,0.0,0.0,0.0,6.0
2021-10-14,Sweden,3.0,0.0,0.0,0.0,6.0
2021-10-15,Sweden,3.0,0.0,0.0,0.0,6.0
2021-10-16,Sweden,3.0,0.0,0.0,0.0,6.0
2021-10-17,Sweden,3.0,0.0,0.0,0.0,6.0
2021-10-18,Sweden,3.0,0.0,0.0,0.0,6.0
2021-10-19,Sweden,3.0,0.0,0.0,0.0,6.0
2021-10-20,Sweden,3.0,0.0,0.0,0.0,6.0
2021-10-21,Sweden,3.0,0.0,0.0,0.0,6.0
2021-10-22,Sweden,3.0,0.0,0.0,0.0,6.0
2021-10-23,Sweden,3.0,0.0,0.0,0.0,6.0
2021-10-24,Sweden,3.0,0.0,0.0,0.0,6.0
2021-10-25,Sweden,3.0,0.0,0.0,0.0,6.0
2021-10-26,Sweden,3.0,0.0,0.0,0.0,6.0
2021-10-27,Sweden,3.0,0.0,0.0,0.0,6.0
2021-10-28,Sweden,3.0,0.0,0.0,0.0,6.0
2021-10-29,Sweden,3.0,0.0,0.0,0.0,6.0
2021-10-30,Sweden,3.0,0.0,0.0,0.0,6.0
2021-10-31,Sweden,3.0,0.0,0.0,0.0,6.0
2021-11-01,Sweden,3.0,0.0,0.0,0.0,6.0
2021-11-02,Sweden,3.0,0.0,0.0,0.0,6.0
2021-11-03,Sweden,3.0,0.0,0.0,0.0,6.0
2021-11-04,Sweden,3.0,0.0,0.0,0.0,6.0
2021-11-05,Sweden,3.0,0.0,0.0,0.0,6.0
2021-11-06,Sweden,3.0,0.0,0.0,0.0,6.0
2021-11-07,Sweden,3.0,0.0,0.0,0.0,6.0
2021-11-08,Sweden,3.0,0.0,0.0,0.0,6.0
2021-11-09,Sweden,3.0,0.0,0.0,0.0,6.0
2021-11-10,Sweden,3.0,0.0,0.0,0.0,6.0
2021-11-11,Sweden,3.0,0.0,0.0,0.0,6.0
2021-11-12,Sweden,3.0,0.0,0.0,0.0,6.0
2021-11-13,Sweden,3.0,0.0,0.0,0.0,6.0
2021-11-14,Sweden,3.0,0.0,0.0,0.0,6.0
2021-11-15,Sweden,3.0,0.0,0.0,0.0,6.0
2021-11-16,Sweden,3.0,0.0,0.0,0.0,6.0
2021-11-17,Sweden,3.0,0.0,0.0,0.0,6.0
2021-11-18,Sweden,3.0,0.0,0.0,0.0,6.0
2021-11-19,Sweden,3.0,0.0,0.0,0.0,6.0
2021-11-20,Sweden,3.0,0.0,0.0,0.0,6.0
2021-11-21,Sweden,3.0,0.0,0.0,0.0,6.0
2021-11-22,Sweden,3.0,0.0,0.0,0.0,6.0
2021-11-23,Sweden,3.0,0.0,0.0,0.0,6.0
2021-11-24,Sweden,3.0,0.0,0.0,0.0,6.0
2021-11-25,Sweden,3.0,0.0,0.0,0.0,6.0
2021-11-26,Sweden,3.0,0.0,0.0,0.0,6.0
2021-11-27,Sweden,3.0,0.0,0.0,0.0,6.0
2021-11-28,Sweden,3.0,0.0,0.0,0.0,6.0
2021-11-29,Sweden,3.0,0.0,0.0,0.0,6.0
2021-11-30,Sweden,3.0,0.0,0.0,0.0,6.0
2021-12-01,Sweden,3.0,0.0,0.0,0.0,6.0
2021-12-02,Sweden,3.0,0.0,0.0,0.0,6.0
2021-12-03,Sweden,3.0,0.0,0.0,0.0,6.0
2021-12-04,Sweden,3.0,0.0,0.0,0.0,6.0
2021-12-05,Sweden,3.0,0.0,0.0,0.0,6.0
2021-12-06,Sweden,3.0,0.0,0.0,0.0,6.0
2021-12-07,Sweden,3.0,0.0,0.0,0.0,6.0
2021-12-08,Sweden,3.0,0.0,0.0,0.0,6.0
2021-12-09,Sweden,3.0,0.0,0.0,0.0,6.0
2021-12-10,Sweden,3.0,1.0,0.0,0.0,5.0
2021-12-11,Sweden,3.0,1.0,0.0,0.0,5.0
2021-12-12,Sweden,3.0,1.0,0.0,0.0,5.0
2021-12-13,Sweden,3.0,1.0,0.0,0.0,5.0
2021-12-14,Sweden,3.0,1.0,0.0,0.0,5.0
2021-12-15,Sweden,3.0,0.0,1.0,0.0,5.0
2021-12-16,Sweden,3.0,0.0,1.0,0.0,5.0
2021-12-17,Sweden,3.0,0.0,1.0,0.0,5.0
2021-12-18,Sweden,3.0,0.0,1.0,0.0,5.0
2021-12-19,Sweden,3.0,0.0,1.0,0.0,5.0
2021-12-20,Sweden,3.0,0.0,0.0,1.0,5.0
2021-12-21,Sweden,3.0,0.0,0.0,1.0,5.0
2021-12-22,Sweden,3.0,0.0,0.0,1.0,5.0
2021-12-23,Sweden,3.0,0.0,0.0,1.0,5.0
2021-12-24,Sweden,3.0,0.0,0.0,1.0,5.0
2021-12-25,Sweden,3.0,0.0,0.0,1.0,5.0
2021-12-26,Sweden,3.0,1.0,0.0,1.0,4.0
2021-12-27,Sweden,3.0,0.0,1.0,1.0,4.0
2021-12-28,Sweden,3.0,1.0,1.0,1.0,3.0
2021-12-29,Sweden,3.0,0.0,2.0,1.0,3.0
2021-12-30,Sweden,3.0,0.0,2.0,1.0,3.0
2021-12-31,Sweden,3.0,0.0,2.0,1.0,3.0
2022-01-01,Sweden,3.0,0.0,1.0,2.0,3.0
2022-01-02,Sweden,3.0,0.0,1.0,2.0,3.0
2022-01-03,Sweden,3.0,0.0,0.0,3.0,3.0
2022-01-04,Sweden,3.0,0.0,0.0,2.0,4.0
2022-01-05,Sweden,3.0,0.0,0.0,2.0,4.0
2022-01-06,Sweden,3.0,0.0,0.0,2.0,4.0
2022-01-07,Sweden,3.0,0.0,0.0,2.0,4.0
2022-01-08,Sweden,3.0,0.0,0.0,2.0,4.0
2022-01-09,Sweden,3.0,0.0,0.0,2.0,4.0
2022-01-10,Sweden,3.0,1.0,0.0,2.0,3.0
2022-01-11,Sweden,3.0,3.0,0.0,2.0,1.0
2022-01-12,Sweden,3.0,2.0,1.0,2.0,1.0
2022-01-13,Sweden,3.0,2.0,1.0,2.0,1.0
2022-01-14,Sweden,3.0,2.0,1.0,2.0,1.0
2022-01-15,Sweden,3.0,2.0,1.0,2.0,1.0
2022-01-16,Sweden,3.0,2.0,1.0,1.0,2.0
2022-01-17,Sweden,3.0,2.0,0.0,1.0,3.0
2022-01-18,Sweden,4.0,1.0,1.0,0.0,3.0
2022-01-19,Sweden,4.0,1.0,1.0,0.0,3.0
2022-01-20,Sweden,4.0,0.0,2.0,0.0,3.0
2022-01-21,Sweden,4.0,0.0,2.0,0.0,3.0
2022-01-22,Sweden,4.0,0.0,2.0,0.0,3.0
2022-01-23,Sweden,4.0,0.0,1.0,1.0,3.0
2022-01-24,Sweden,4.0,0.0,1.0,1.0,3.0
2022-01-25,Sweden,4.0,0.0,0.0,2.0,3.0
2022-01-26,Sweden,4.0,0.0,0.0,2.0,3.0
2022-01-27,Sweden,4.0,0.0,0.0,2.0,3.0
2022-01-28,Sweden,4.0,0.0,0.0,2.0,3.0
2022-01-29,Sweden,4.0,0.0,0.0,2.0,3.0
2022-01-30,Sweden,4.0,0.0,0.0,2.0,3.0
2022-01-31,Sweden,4.0,0.0,0.0,2.0,3.0
2022-02-01,Sweden,4.0,0.0,0.0,2.0,3.0
2022-02-02,Sweden,4.0,0.0,0.0,2.0,3.0
2022-02-03,Sweden,4.0,0.0,0.0,2.0,3.0
2022-02-04,Sweden,4.0,0.0,0.0,2.0,3.0
2022-02-05,Sweden,4.0,0.0,0.0,2.0,3.0
2022-02-06,Sweden,4.0,0.0,0.0,2.0,3.0
2022-02-07,Sweden,4.0,0.0,0.0,1.0,4.0
2022-02-08,Sweden,4.0,0.0,0.0,1.0,4.0
2022-02-09,Sweden,4.0,0.0,0.0,0.0,5.0
2022-02-10,Sweden,4.0,0.0,0.0,0.0,5.0
2022-02-11,Sweden,4.0,0.0,0.0,0.0,5.0
2022-02-12,Sweden,4.0,0.0,0.0,0.0,5.0
2022-02-13,Sweden,4.0,0.0,0.0,0.0,5.0
2022-02-14,Sweden,4.0,0.0,0.0,0.0,5.0
2022-02-15,Sweden,4.0,0.0,0.0,0.0,5.0
2022-02-16,Sweden,4.0,0.0,0.0,0.0,5.0
2022-02-17,Sweden,4.0,0.0,0.0,0.0,5.0
2022-02-18,Sweden,4.0,0.0,0.0,0.0,5.0
2022-02-19,Sweden,4.0,0.0,0.0,0.0,5.0
2022-02-20,Sweden,4.0,0.0,0.0,0.0,5.0
2022-02-21,Sweden,4.0,0.0,0.0,0.0,5.0
2022-02-22,Sweden,4.0,0.0,0.0,0.0,5.0
2022-02-23,Sweden,4.0,0.0,0.0,0.0,5.0
2022-02-24,Sweden,4.0,0.0,0.0,0.0,5.0
2022-02-25,Sweden,4.0,0.0,0.0,0.0,5.0
2022-02-26,Sweden,4.0,0.0,0.0,0.0,5.0
2022-02-27,Sweden,4.0,0.0,0.0,0.0,5.0
2022-02-28,Sweden,4.0,0.0,0.0,0.0,5.0
2022-03-01,Sweden,4.0,0.0,0.0,0.0,5.0
2022-03-02,Sweden,4.0,0.0,0.0,0.0,5.0
2022-03-03,Sweden,4.0,0.0,0.0,0.0,5.0
2022-03-04,Sweden,4.0,0.0,0.0,0.0,5.0
2022-03-05,Sweden,4.0,0.0,0.0,0.0,5.0
2022-03-06,Sweden,4.0,0.0,0.0,0.0,5.0
2022-03-07,Sweden,4.0,0.0,0.0,0.0,5.0
2022-03-08,Sweden,4.0,0.0,0.0,0.0,5.0
2022-03-09,Sweden,4.0,0.0,0.0,0.0,5.0
2022-03-10,Sweden,4.0,0.0,0.0,0.0,5.0
2022-03-11,Sweden,4.0,0.0,0.0,0.0,5.0
2022-03-12,Sweden,4.0,0.0,0.0,0.0,5.0
2022-03-13,Sweden,4.0,0.0,0.0,0.0,5.0
2022-03-14,Sweden,4.0,0.0,0.0,0.0,5.0
2022-03-15,Sweden,4.0,0.0,0.0,0.0,5.0
2022-03-16,Sweden,4.0,0.0,0.0,0.0,5.0
2022-03-17,Sweden,4.0,0.0,0.0,0.0,5.0
2022-03-18,Sweden,4.0,0.0,0.0,0.0,5.0
2022-03-19,Sweden,4.0,0.0,0.0,0.0,5.0
2022-03-20,Sweden,4.0,0.0,0.0,0.0,5.0
2022-03-21,Sweden,4.0,0.0,0.0,0.0,5.0
2022-03-22,Sweden,4.0,0.0,0.0,0.0,5.0
2022-03-23,Sweden,4.0,0.0,0.0,0.0,5.0
2022-03-24,Sweden,4.0,0.0,0.0,0.0,5.0
2022-03-25,Sweden,4.0,0.0,0.0,0.0,5.0
2022-03-26,Sweden,4.0,0.0,0.0,0.0,5.0
2022-03-27,Sweden,4.0,0.0,0.0,0.0,5.0
2022-03-28,Sweden,4.0,0.0,0.0,0.0,5.0
2022-03-29,Sweden,4.0,0.0,0.0,0.0,5.0
2022-03-30,Sweden,4.0,0.0,0.0,0.0,5.0
2022-03-31,Sweden,4.0,0.0,0.0,0.0,5.0
2022-04-01,Sweden,4.0,0.0,0.0,0.0,5.0
2022-04-02,Sweden,4.0,0.0,0.0,0.0,5.0
2022-04-03,Sweden,4.0,0.0,0.0,0.0,5.0
2022-04-04,Sweden,4.0,0.0,0.0,0.0,5.0
2022-04-05,Sweden,4.0,0.0,0.0,0.0,5.0
2022-04-06,Sweden,4.0,0.0,0.0,0.0,5.0
2022-04-07,Sweden,4.0,0.0,0.0,0.0,5.0
2022-04-08,Sweden,4.0,0.0,0.0,0.0,5.0
2022-04-09,Sweden,4.0,0.0,0.0,0.0,5.0
2022-04-10,Sweden,4.0,0.0,0.0,0.0,5.0
2022-04-11,Sweden,4.0,0.0,0.0,0.0,5.0
2022-04-12,Sweden,4.0,0.0,0.0,0.0,5.0
2022-04-13,Sweden,4.0,0.0,0.0,0.0,5.0
2022-04-14,Sweden,4.0,0.0,0.0,0.0,5.0
2022-04-15,Sweden,4.0,0.0,0.0,0.0,5.0
2022-04-16,Sweden,4.0,0.0,0.0,0.0,5.0
2022-04-17,Sweden,4.0,0.0,0.0,0.0,5.0
2022-04-18,Sweden,4.0,0.0,0.0,0.0,5.0
2022-04-19,Sweden,4.0,0.0,0.0,0.0,5.0
2022-04-20,Sweden,4.0,0.0,0.0,0.0,5.0
2022-04-21,Sweden,4.0,0.0,0.0,0.0,5.0
2022-04-22,Sweden,4.0,0.0,0.0,0.0,5.0
2022-04-23,Sweden,4.0,0.0,0.0,0.0,5.0
2022-04-24,Sweden,4.0,0.0,0.0,0.0,5.0
2022-04-25,Sweden,4.0,0.0,0.0,0.0,5.0
2022-04-26,Sweden,4.0,0.0,0.0,0.0,5.0
2022-04-27,Sweden,4.0,0.0,0.0,0.0,5.0
2022-04-28,Sweden,4.0,0.0,0.0,0.0,5.0
2022-04-29,Sweden,4.0,0.0,0.0,0.0,5.0
2022-04-30,Sweden,4.0,0.0,0.0,0.0,5.0
2021-04-01,Japan,0.0,85.0,36.0,0.0,0.0
2021-04-02,Japan,0.0,70.0,51.0,0.0,0.0
2021-04-03,Japan,0.0,57.0,64.0,0.0,0.0
2021-04-04,Japan,0.0,46.0,75.0,0.0,0.0
2021-04-05,Japan,0.0,28.0,93.0,0.0,0.0
2021-04-06,Japan,0.0,24.0,61.0,15.0,21.0
2021-04-07,Japan,0.0,18.0,52.0,22.0,29.0
2021-04-08,Japan,0.0,12.0,45.0,30.0,34.0
2021-04-09,Japan,0.0,9.0,37.0,37.0,38.0
2021-04-10,Japan,0.0,8.0,20.0,49.0,44.0
2021-04-11,Japan,0.0,5.0,19.0,50.0,47.0
2021-04-12,Japan,0.0,5.0,13.0,53.0,50.0
2021-04-13,Japan,0.0,3.0,9.0,55.0,54.0
2021-04-14,Japan,0.0,0.0,9.0,58.0,54.0
2021-04-15,Japan,0.0,0.0,8.0,58.0,55.0
2021-04-16,Japan,0.0,0.0,5.0,60.0,56.0
2021-04-17,Japan,0.0,0.0,5.0,60.0,56.0
2021-04-18,Japan,0.0,0.0,3.0,60.0,58.0
2021-04-19,Japan,0.0,0.0,0.0,62.0,59.0
2021-04-20,Japan,0.0,0.0,0.0,62.0,59.0
2021-04-21,Japan,1.0,0.0,0.0,47.0,73.0
2021-04-22,Japan,2.0,0.0,0.0,40.0,79.0
2021-04-23,Japan,4.0,0.0,0.0,32.0,85.0
2021-04-24,Japan,7.0,0.0,0.0,25.0,89.0
2021-04-25,Japan,11.0,0.0,0.0,13.0,97.0
2021-04-26,Japan,11.0,0.0,0.0,12.0,98.0
2021-04-27,Japan,13.0,0.0,0.0,9.0,99.0
2021-04-28,Japan,13.0,0.0,0.0,7.0,101.0
2021-04-29,Japan,15.0,0.0,0.0,4.0,102.0
2021-04-30,Japan,15.0,0.0,0.0,4.0,102.0
2021-05-01,Japan,15.0,0.0,0.0,2.0,104.0
2021-05-02,Japan,15.0,0.0,0.0,2.0,104.0
2021-05-03,Japan,15.0,0.0,0.0,2.0,104.0
2021-05-04,Japan,15.0,0.0,0.0,0.0,106.0
2021-05-05,Japan,15.0,0.0,0.0,0.0,106.0
2021-05-06,Japan,15.0,0.0,0.0,0.0,106.0
2021-05-07,Japan,15.0,0.0,0.0,0.0,106.0
2021-05-08,Japan,15.0,0.0,0.0,0.0,106.0
2021-05-09,Japan,15.0,0.0,0.0,0.0,106.0
2021-05-10,Japan,15.0,0.0,0.0,0.0,106.0
2021-05-11,Japan,15.0,0.0,0.0,0.0,106.0
2021-05-12,Japan,15.0,0.0,0.0,0.0,106.0
2021-05-13,Japan,15.0,0.0,0.0,0.0,106.0
2021-05-14,Japan,15.0,0.0,0.0,0.0,106.0
2021-05-15,Japan,15.0,0.0,0.0,0.0,106.0
2021-05-16,Japan,15.0,0.0,0.0,0.0,106.0
2021-05-17,Japan,15.0,0.0,0.0,0.0,106.0
2021-05-18,Japan,15.0,0.0,0.0,0.0,106.0
2021-05-19,Japan,15.0,0.0,0.0,0.0,106.0
2021-05-20,Japan,15.0,0.0,0.0,0.0,106.0
2021-05-21,Japan,15.0,0.0,0.0,0.0,106.0
2021-05-22,Japan,15.0,0.0,0.0,0.0,106.0
2021-05-23,Japan,15.0,0.0,0.0,0.0,106.0
2021-05-24,Japan,15.0,0.0,0.0,0.0,106.0
2021-05-25,Japan,15.0,0.0,0.0,0.0,106.0
2021-05-26,Japan,15.0,0.0,0.0,0.0,106.0
2021-05-27,Japan,15.0,0.0,0.0,0.0,106.0
2021-05-28,Japan,15.0,0.0,0.0,0.0,106.0
2021-05-29,Japan,15.0,0.0,0.0,0.0,106.0
2021-05-30,Japan,15.0,0.0,0.0,0.0,106.0
2021-05-31,Japan,15.0,0.0,0.0,0.0,106.0
2021-06-01,Japan,15.0,0.0,0.0,0.0,106.0
2021-06-02,Japan,15.0,0.0,0.0,0.0,106.0
2021-06-03,Japan,15.0,0.0,0.0,0.0,106.0
2021-06-04,Japan,15.0,0.0,0.0,0.0,106.0
2021-06-05,Japan,15.0,0.0,0.0,0.0,106.0
2021-06-06,Japan,15.0,0.0,0.0,0.0,106.0
2021-06-07,Japan,15.0,0.0,0.0,0.0,106.0
2021-06-08,Japan,15.0,0.0,0.0,0.0,106.0
2021-06-09,Japan,15.0,0.0,0.0,0.0,106.0
2021-06-10,Japan,15.0,0.0,0.0,0.0,106.0
2021-06-11,Japan,15.0,0.0,0.0,0.0,106.0
2021-06-12,Japan,15.0,0.0,0.0,0.0,106.0
2021-06-13,Japan,15.0,0.0,0.0,0.0,106.0
2021-06-14,Japan,15.0,0.0,0.0,0.0,106.0
2021-06-15,Japan,15.0,0.0,0.0,0.0,106.0
2021-06-16,Japan,15.0,0.0,0.0,0.0,106.0
2021-06-17,Japan,15.0,0.0,0.0,0.0,106.0
2021-06-18,Japan,15.0,0.0,0.0,0.0,106.0
2021-06-19,Japan,15.0,0.0,0.0,0.0,106.0
2021-06-20,Japan,15.0,0.0,0.0,0.0,106.0
2021-06-21,Japan,15.0,0.0,0.0,0.0,106.0
2021-06-22,Japan,15.0,0.0,0.0,0.0,106.0
2021-06-23,Japan,15.0,0.0,0.0,0.0,106.0
2021-06-24,Japan,15.0,0.0,0.0,0.0,106.0
2021-06-25,Japan,15.0,0.0,0.0,0.0,106.0
2021-06-26,Japan,15.0,0.0,0.0,0.0,106.0
2021-06-27,Japan,15.0,0.0,0.0,0.0,106.0
2021-06-28,Japan,15.0,0.0,0.0,0.0,106.0
2021-06-29,Japan,15.0,0.0,0.0,0.0,106.0
2021-06-30,Japan,15.0,0.0,0.0,0.0,106.0
2021-07-01,Japan,15.0,0.0,0.0,0.0,106.0
2021-07-02,Japan,15.0,0.0,0.0,0.0,106.0
2021-07-03,Japan,15.0,0.0,0.0,0.0,106.0
2021-07-04,Japan,15.0,0.0,0.0,0.0,106.0
2021-07-05,Japan,15.0,0.0,0.0,0.0,106.0
2021-07-06,Japan,15.0,0.0,0.0,0.0,106.0
2021-07-07,Japan,15.0,0.0,0.0,0.0,106.0
2021-07-08,Japan,15.0,0.0,0.0,0.0,106.0
2021-07-09,Japan,15.0,0.0,0.0,0.0,106.0
2021-07-10,Japan,15.0,0.0,0.0,0.0,106.0
2021-07-11,Japan,15.0,0.0,0.0,0.0,106.0
2021-07-12,Japan,15.0,0.0,0.0,0.0,106.0
2021-07-13,Japan,15.0,0.0,0.0,0.0,106.0
2021-07-14,Japan,15.0,0.0,0.0,0.0,106.0
2021-07-15,Japan,15.0,0.0,0.0,0.0,106.0
2021-07-16,Japan,15.0,0.0,0.0,0.0,106.0
2021-07-17,Japan,15.0,0.0,0.0,0.0,106.0
2021-07-18,Japan,15.0,0.0,0.0,0.0,106.0
2021-07-19,Japan,15.0,0.0,0.0,0.0,106.0
2021-07-20,Japan,15.0,0.0,0.0,0.0,106.0
2021-07-21,Japan,15.0,0.0,0.0,0.0,106.0
2021-07-22,Japan,15.0,0.0,0.0,0.0,106.0
2021-07-23,Japan,15.0,0.0,0.0,0.0,106.0
2021-07-24,Japan,15.0,0.0,0.0,0.0,106.0
2021-07-25,Japan,15.0,0.0,0.0,0.0,106.0
2021-07-26,Japan,15.0,0.0,0.0,0.0,106.0
2021-07-27,Japan,15.0,0.0,0.0,0.0,106.0
2021-07-28,Japan,15.0,0.0,0.0,0.0,106.0
2021-07-29,Japan,15.0,0.0,0.0,0.0,106.0
2021-07-30,Japan,15.0,0.0,0.0,0.0,106.0
2021-07-31,Japan,15.0,0.0,0.0,0.0,106.0
2021-08-01,Japan,15.0,0.0,0.0,0.0,106.0
2021-08-02,Japan,15.0,0.0,0.0,0.0,106.0
2021-08-03,Japan,15.0,0.0,0.0,0.0,106.0
2021-08-04,Japan,15.0,0.0,0.0,0.0,106.0
2021-08-05,Japan,15.0,21.0,0.0,0.0,85.0
2021-08-06,Japan,15.0,23.0,6.0,0.0,77.0
2021-08-07,Japan,15.0,21.0,13.0,0.0,72.0
2021-08-08,Japan,15.0,21.0,17.0,0.0,68.0
2021-08-09,Japan,15.0,22.0,22.0,0.0,62.0
2021-08-10,Japan,15.0,20.0,27.0,0.0,59.0
2021-08-11,Japan,15.0,17.0,27.0,2.0,60.0
2021-08-12,Japan,15.0,14.0,27.0,6.0,59.0
2021-08-13,Japan,15.0,11.0,26.0,8.0,61.0
2021-08-14,Japan,15.0,9.0,24.0,11.0,62.0
2021-08-15,Japan,15.0,9.0,20.0,14.0,63.0
2021-08-16,Japan,15.0,7.0,16.0,19.0,64.0
2021-08-17,Japan,15.0,6.0,12.0,23.0,65.0
2021-08-18,Japan,15.0,6.0,10.0,26.0,64.0
2021-08-19,Japan,15.0,6.0,7.0,27.0,66.0
2021-08-20,Japan,15.0,18.0,8.0,28.0,52.0
2021-08-21,Japan,15.0,20.0,10.0,29.0,47.0
2021-08-22,Japan,15.0,22.0,11.0,30.0,43.0
2021-08-23,Japan,15.0,21.0,15.0,31.0,39.0
2021-08-24,Japan,15.0,26.0,18.0,31.0,31.0
2021-08-25,Japan,15.0,15.0,28.0,31.0,32.0
2021-08-26,Japan,16.0,12.0,28.0,32.0,33.0
2021-08-27,Japan,16.0,10.0,28.0,31.0,36.0
2021-08-28,Japan,16.0,10.0,24.0,30.0,41.0
2021-08-29,Japan,16.0,6.0,25.0,28.0,46.0
2021-08-30,Japan,17.0,7.0,14.0,32.0,51.0
2021-08-31,Japan,18.0,7.0,10.0,30.0,56.0
2021-09-01,Japan,19.0,7.0,6.0,27.0,62.0
2021-09-02,Japan,22.0,8.0,6.0,25.0,60.0
2021-09-03,Japan,23.0,6.0,4.0,25.0,63.0
2021-09-04,Japan,23.0,6.0,3.0,24.0,65.0
2021-09-05,Japan,23.0,5.0,4.0,23.0,66.0
2021-09-06,Japan,24.0,4.0,5.0,22.0,66.0
2021-09-07,Japan,24.0,4.0,4.0,21.0,68.0
2021-09-08,Japan,24.0,4.0,2.0,22.0,69.0
2021-09-09,Japan,24.0,3.0,3.0,22.0,69.0
2021-09-10,Japan,24.0,3.0,2.0,19.0,73.0
2021-09-11,Japan,24.0,3.0,1.0,16.0,77.0
2021-09-12,Japan,24.0,3.0,1.0,15.0,78.0
2021-09-13,Japan,24.0,3.0,1.0,14.0,79.0
2021-09-14,Japan,24.0,3.0,0.0,7.0,87.0
2021-09-15,Japan,24.0,3.0,0.0,4.0,90.0
2021-09-16,Japan,25.0,2.0,1.0,3.0,90.0
2021-09-17,Japan,25.0,2.0,1.0,2.0,91.0
2021-09-18,Japan,25.0,2.0,1.0,1.0,92.0
2021-09-19,Japan,25.0,2.0,1.0,1.0,92.0
2021-09-20,Japan,25.0,2.0,1.0,1.0,92.0
2021-09-21,Japan,25.0,2.0,0.0,2.0,92.0
2021-09-22,Japan,25.0,2.0,0.0,2.0,92.0
2021-09-23,Japan,25.0,2.0,0.0,1.0,93.0
2021-09-24,Japan,25.0,2.0,0.0,1.0,93.0
2021-09-25,Japan,25.0,2.0,0.0,1.0,93.0
2021-09-26,Japan,25.0,2.0,0.0,1.0,93.0
2021-09-27,Japan,25.0,2.0,0.0,1.0,93.0
2021-09-28,Japan,25.0,2.0,0.0,1.0,93.0
2021-09-29,Japan,25.0,2.0,0.0,1.0,93.0
2021-09-30,Japan,25.0,2.0,0.0,1.0,93.0
2021-10-01,Japan,25.0,2.0,0.0,1.0,93.0
2021-10-02,Japan,25.0,2.0,0.0,1.0,93.0
2021-10-03,Japan,25.0,2.0,0.0,1.0,93.0
2021-10-04,Japan,25.0,2.0,0.0,1.0,93.0
2021-10-05,Japan,25.0,2.0,0.0,1.0,93.0
2021-10-06,Japan,25.0,2.0,0.0,0.0,94.0
2021-10-07,Japan,25.0,2.0,0.0,0.0,94.0
2021-10-08,Japan,25.0,1.0,1.0,0.0,94.0
2021-10-09,Japan,25.0,1.0,1.0,0.0,94.0
2021-10-10,Japan,25.0,1.0,1.0,0.0,94.0
2021-10-11,Japan,25.0,0.0,2.0,0.0,94.0
2021-10-12,Japan,25.0,0.0,2.0,0.0,94.0
2021-10-13,Japan,25.0,0.0,1.0,1.0,94.0
2021-10-14,Japan,25.0,0.0,1.0,1.0,94.0
2021-10-15,Japan,25.0,0.0,1.0,1.0,94.0
2021-10-16,Japan,25.0,0.0,0.0,2.0,94.0
2021-10-17,Japan,25.0,0.0,0.0,2.0,94.0
2021-10-18,Japan,25.0,0.0,0.0,2.0,94.0
2021-10-19,Japan,25.0,0.0,0.0,2.0,94.0
2021-10-20,Japan,25.0,0.0,0.0,2.0,94.0
2021-10-21,Japan,25.0,0.0,0.0,2.0,94.0
2021-10-22,Japan,25.0,0.0,0.0,2.0,94.0
2021-10-23,Japan,25.0,0.0,0.0,2.0,94.0
2021-10-24,Japan,25.0,0.0,0.0,2.0,94.0
2021-10-25,Japan,25.0,0.0,0.0,2.0,94.0
2021-10-26,Japan,25.0,0.0,0.0,2.0,94.0
2021-10-27,Japan,25.0,0.0,0.0,2.0,94.0
2021-10-28,Japan,25.0,0.0,0.0,1.0,95.0
2021-10-29,Japan,25.0,0.0,0.0,1.0,95.0
2021-10-30,Japan,25.0,0.0,0.0,1.0,95.0
2021-10-31,Japan,25.0,0.0,0.0,0.0,96.0
2021-11-01,Japan,25.0,0.0,0.0,0.0,96.0
2021-11-02,Japan,25.0,0.0,0.0,0.0,96.0
2021-11-03,Japan,25.0,0.0,0.0,0.0,96.0
2021-11-04,Japan,25.0,0.0,0.0,0.0,96.0
2021-11-05,Japan,25.0,0.0,0.0,0.0,96.0
2021-11-06,Japan,25.0,0.0,0.0,0.0,96.0
2021-11-07,Japan,25.0,0.0,0.0,0.0,96.0
2021-11-08,Japan,25.0,0.0,0.0,0.0,96.0
2021-11-09,Japan,25.0,0.0,0.0,0.0,96.0
2021-11-10,Japan,25.0,0.0,0.0,0.0,96.0
2021-11-11,Japan,25.0,0.0,0.0,0.0,96.0
2021-11-12,Japan,25.0,0.0,0.0,0.0,96.0
2021-11-13,Japan,25.0,0.0,0.0,0.0,96.0
2021-11-14,Japan,25.0,0.0,0.0,0.0,96.0
2021-11-15,Japan,25.0,0.0,0.0,0.0,96.0
2021-11-16,Japan,25.0,0.0,0.0,0.0,96.0
2021-11-17,Japan,25.0,0.0,0.0,0.0,96.0
2021-11-18,Japan,25.0,0.0,0.0,0.0,96.0
2021-11-19,Japan,25.0,0.0,0.0,0.0,96.0
2021-11-20,Japan,25.0,0.0,0.0,0.0,96.0
2021-11-21,Japan,25.0,0.0,0.0,0.0,96.0
2021-11-22,Japan,25.0,0.0,0.0,0.0,96.0
2021-11-23,Japan,25.0,0.0,0.0,0.0,96.0
2021-11-24,Japan,25.0,0.0,0.0,0.0,96.0
2021-11-25,Japan,25.0,0.0,0.0,0.0,96.0
2021-11-26,Japan,25.0,0.0,0.0,0.0,96.0
2021-11-27,Japan,25.0,0.0,0.0,0.0,96.0
2021-11-28,Japan,25.0,0.0,0.0,0.0,96.0
2021-11-29,Japan,25.0,0.0,0.0,0.0,96.0
2021-11-30,Japan,25.0,0.0,0.0,0.0,96.0
2021-12-01,Japan,25.0,0.0,0.0,0.0,96.0
2021-12-02,Japan,25.0,0.0,0.0,0.0,96.0
2021-12-03,Japan,25.0,0.0,0.0,0.0,96.0
2021-12-04,Japan,25.0,0.0,0.0,0.0,96.0
2021-12-05,Japan,25.0,0.0,0.0,0.0,96.0
2021-12-06,Japan,25.0,0.0,0.0,0.0,96.0
2021-12-07,Japan,25.0,0.0,0.0,0.0,96.0
2021-12-08,Japan,25.0,0.0,0.0,0.0,96.0
2021-12-09,Japan,25.0,0.0,0.0,0.0,96.0
2021-12-10,Japan,25.0,4.0,0.0,0.0,92.0
2021-12-11,Japan,25.0,6.0,1.0,0.0,89.0
2021-12-12,Japan,25.0,6.0,3.0,0.0,87.0
2021-12-13,Japan,25.0,6.0,5.0,0.0,85.0
2021-12-14,Japan,25.0,8.0,5.0,0.0,83.0
2021-12-15,Japan,25.0,7.0,7.0,0.0,82.0
2021-12-16,Japan,25.0,8.0,8.0,1.0,79.0
2021-12-17,Japan,25.0,5.0,9.0,3.0,79.0
2021-12-18,Japan,25.0,4.0,10.0,3.0,79.0
2021-12-19,Japan,25.0,4.0,10.0,3.0,79.0
2021-12-20,Japan,25.0,5.0,8.0,4.0,79.0
2021-12-21,Japan,25.0,7.0,6.0,5.0,78.0
2021-12-22,Japan,25.0,6.0,4.0,6.0,80.0
2021-12-23,Japan,25.0,3.0,4.0,8.0,81.0
2021-12-24,Japan,25.0,3.0,6.0,8.0,79.0
2021-12-25,Japan,25.0,4.0,7.0,8.0,77.0
2021-12-26,Japan,25.0,9.0,7.0,8.0,72.0
2021-12-27,Japan,25.0,12.0,9.0,8.0,67.0
2021-12-28,Japan,25.0,15.0,8.0,10.0,63.0
2021-12-29,Japan,25.0,20.0,8.0,11.0,57.0
2021-12-30,Japan,25.0,22.0,10.0,12.0,52.0
2021-12-31,Japan,26.0,22.0,16.0,11.0,46.0
2022-01-01,Japan,26.0,16.0,19.0,10.0,50.0
2022-01-02,Japan,26.0,13.0,23.0,11.0,48.0
2022-01-03,Japan,26.0,14.0,22.0,12.0,47.0
2022-01-04,Japan,27.0,13.0,21.0,12.0,48.0
2022-01-05,Japan,28.0,12.0,16.0,13.0,52.0
2022-01-06,Japan,28.0,11.0,13.0,14.0,55.0
2022-01-07,Japan,28.0,10.0,9.0,15.0,59.0
2022-01-08,Japan,28.0,6.0,12.0,16.0,59.0
2022-01-09,Japan,28.0,10.0,10.0,17.0,56.0
2022-01-10,Japan,28.0,10.0,13.0,17.0,53.0
2022-01-11,Japan,28.0,8.0,13.0,18.0,54.0
2022-01-12,Japan,29.0,8.0,12.0,18.0,54.0
2022-01-13,Japan,29.0,15.0,9.0,17.0,51.0
2022-01-14,Japan,30.0,14.0,13.0,16.0,48.0
2022-01-15,Japan,30.0,10.0,13.0,20.0,48.0
2022-01-16,Japan,30.0,8.0,13.0,22.0,48.0
2022-01-17,Japan,30.0,7.0,14.0,21.0,49.0
2022-01-18,Japan,30.0,6.0,14.0,20.0,51.0
2022-01-19,Japan,30.0,4.0,12.0,21.0,54.0
2022-01-20,Japan,30.0,4.0,8.0,22.0,57.0
2022-01-21,Japan,31.0,2.0,7.0,21.0,60.0
2022-01-22,Japan,31.0,3.0,5.0,20.0,62.0
2022-01-23,Japan,31.0,3.0,4.0,20.0,63.0
2022-01-24,Japan,31.0,3.0,2.0,20.0,65.0
2022-01-25,Japan,31.0,3.0,2.0,20.0,65.0
2022-01-26,Japan,32.0,2.0,1.0,21.0,65.0
2022-01-27,Japan,32.0,1.0,2.0,19.0,67.0
2022-01-28,Japan,32.0,1.0,2.0,19.0,67.0
2022-01-29,Japan,32.0,1.0,2.0,19.0,67.0
2022-01-30,Japan,32.0,1.0,2.0,15.0,71.0
2022-01-31,Japan,33.0,1.0,1.0,13.0,73.0
2022-02-01,Japan,33.0,1.0,0.0,13.0,74.0
2022-02-02,Japan,33.0,1.0,0.0,13.0,74.0
2022-02-03,Japan,33.0,1.0,0.0,11.0,76.0
2022-02-04,Japan,33.0,2.0,0.0,8.0,78.0
2022-02-05,Japan,33.0,2.0,0.0,7.0,79.0
2022-02-06,Japan,33.0,1.0,1.0,5.0,81.0
2022-02-07,Japan,33.0,1.0,1.0,4.0,82.0
2022-02-08,Japan,33.0,1.0,1.0,3.0,83.0
2022-02-09,Japan,33.0,1.0,1.0,3.0,83.0
2022-02-10,Japan,33.0,1.0,1.0,1.0,85.0
2022-02-11,Japan,33.0,1.0,0.0,2.0,85.0
2022-02-12,Japan,33.0,1.0,0.0,2.0,85.0
2022-02-13,Japan,33.0,1.0,0.0,2.0,85.0
2022-02-14,Japan,33.0,1.0,0.0,2.0,85.0
2022-02-15,Japan,33.0,1.0,0.0,1.0,86.0
2022-02-16,Japan,33.0,1.0,0.0,1.0,86.0
2022-02-17,Japan,33.0,1.0,0.0,1.0,86.0
2022-02-18,Japan,33.0,1.0,0.0,1.0,86.0
2022-02-19,Japan,33.0,1.0,0.0,1.0,86.0
2022-02-20,Japan,33.0,1.0,0.0,1.0,86.0
2022-02-21,Japan,33.0,1.0,0.0,1.0,86.0
2022-02-22,Japan,33.0,1.0,0.0,1.0,86.0
2022-02-23,Japan,33.0,1.0,0.0,1.0,86.0
2022-02-24,Japan,33.0,1.0,0.0,1.0,86.0
2022-02-25,Japan,33.0,1.0,0.0,1.0,86.0
2022-02-26,Japan,33.0,2.0,0.0,0.0,86.0
2022-02-27,Japan,33.0,2.0,0.0,0.0,86.0
2022-02-28,Japan,33.0,2.0,0.0,0.0,86.0
2022-03-01,Japan,33.0,2.0,1.0,0.0,85.0
2022-03-02,Japan,33.0,2.0,1.0,0.0,85.0
2022-03-03,Japan,33.0,2.0,1.0,0.0,85.0
2022-03-04,Japan,33.0,2.0,1.0,0.0,85.0
2022-03-05,Japan,33.0,2.0,1.0,0.0,85.0
2022-03-06,Japan,33.0,2.0,0.0,1.0,85.0
2022-03-07,Japan,33.0,2.0,0.0,1.0,85.0
2022-03-08,Japan,33.0,2.0,0.0,1.0,85.0
2022-03-09,Japan,33.0,2.0,0.0,1.0,85.0
2022-03-10,Japan,33.0,2.0,0.0,1.0,85.0
2022-03-11,Japan,33.0,2.0,0.0,1.0,85.0
2022-03-12,Japan,33.0,2.0,0.0,1.0,85.0
2022-03-13,Japan,33.0,2.0,0.0,1.0,85.0
2022-03-14,Japan,33.0,2.0,0.0,1.0,85.0
2022-03-15,Japan,33.0,2.0,0.0,1.0,85.0
2022-03-16,Japan,33.0,2.0,0.0,1.0,85.0
2022-03-17,Japan,33.0,2.0,0.0,1.0,85.0
2022-03-18,Japan,33.0,2.0,0.0,1.0,85.0
2022-03-19,Japan,33.0,2.0,0.0,1.0,85.0
2022-03-20,Japan,33.0,2.0,0.0,1.0,85.0
2022-03-21,Japan,33.0,2.0,0.0,0.0,86.0
2022-03-22,Japan,33.0,2.0,0.0,0.0,86.0
2022-03-23,Japan,33.0,2.0,0.0,0.0,86.0
2022-03-24,Japan,33.0,1.0,1.0,0.0,86.0
2022-03-25,Japan,33.0,1.0,1.0,0.0,86.0
2022-03-26,Japan,33.0,1.0,1.0,0.0,86.0
2022-03-27,Japan,33.0,1.0,1.0,0.0,86.0
2022-03-28,Japan,33.0,0.0,2.0,0.0,86.0
2022-03-29,Japan,33.0,0.0,1.0,1.0,86.0
2022-03-30,Japan,33.0,0.0,1.0,1.0,86.0
2022-03-31,Japan,33.0,0.0,1.0,1.0,86.0
2022-04-01,Japan,33.0,0.0,1.0,1.0,86.0
2022-04-02,Japan,33.0,0.0,0.0,2.0,86.0
2022-04-03,Japan,33.0,0.0,0.0,2.0,86.0
2022-04-04,Japan,33.0,0.0,0.0,2.0,86.0
2022-04-05,Japan,33.0,0.0,0.0,2.0,86.0
2022-04-06,Japan,33.0,0.0,0.0,2.0,86.0
2022-04-07,Japan,33.0,0.0,0.0,2.0,86.0
2022-04-08,Japan,33.0,0.0,0.0,2.0,86.0
2022-04-09,Japan,33.0,0.0,0.0,2.0,86.0
2022-04-10,Japan,33.0,0.0,0.0,2.0,86.0
2022-04-11,Japan,33.0,0.0,0.0,2.0,86.0
2022-04-12,Japan,33.0,0.0,0.0,2.0,86.0
2022-04-13,Japan,33.0,0.0,0.0,1.0,87.0
2022-04-14,Japan,33.0,0.0,0.0,1.0,87.0
2022-04-15,Japan,33.0,0.0,0.0,1.0,87.0
2022-04-16,Japan,33.0,0.0,0.0,1.0,87.0
2022-04-17,Japan,33.0,0.0,0.0,0.0,88.0
2022-04-18,Japan,33.0,2.0,0.0,0.0,86.0
2022-04-19,Japan,33.0,0.0,2.0,0.0,86.0
2022-04-20,Japan,33.0,1.0,2.0,0.0,85.0
2022-04-21,Japan,33.0,2.0,2.0,0.0,84.0
2022-04-22,Japan,33.0,4.0,2.0,0.0,82.0
2022-04-23,Japan,33.0,4.0,3.0,0.0,81.0
2022-04-24,Japan,33.0,4.0,1.0,2.0,81.0
2022-04-25,Japan,33.0,2.0,3.0,2.0,81.0
2022-04-26,Japan,33.0,2.0,3.0,2.0,81.0
2022-04-27,Japan,33.0,3.0,3.0,2.0,80.0
2022-04-28,Japan,33.0,2.0,4.0,3.0,79.0
2022-04-29,Japan,33.0,2.0,5.0,3.0,78.0
2022-04-30,Japan,33.0,2.0,3.0,3.0,80.0
